<ImportExportXml xmlns:xsi="http://www.w3.org/2001/XMLSchema-instance">
  <Entities></Entities>
  <Roles></Roles>
  <Workflows></Workflows>
  <FieldSecurityProfiles></FieldSecurityProfiles>
  <Templates />
  <EntityMaps />
  <EntityRelationships />
  <OrganizationSettings />
  <optionsets />
  <CustomControls />
  <EntityDataProviders />
  <CanvasApps>
    <CanvasApp>
      <Name>cr2b5_navigation_8cd79</Name>
      <AppVersion>2022-10-29T13:57:41Z</AppVersion>
      <Status>Ready</Status>
      <CreatedByClientVersion>3.22103.21.0</CreatedByClientVersion>
      <MinClientVersion>3.22103.21.0</MinClientVersion>
      <Tags>{"primaryDeviceWidth":"450","primaryDeviceHeight":"550","supportsPortrait":"true","supportsLandscape":"true","primaryFormFactor":"Phone","publisherVersion":"3.22103.21","minimumRequiredApiVersion":"2.2.0","hasComponent":"true","hasUnlockedComponent":"true","isUnifiedRootApp":"false"}</Tags>
      <IsCdsUpgraded>0</IsCdsUpgraded>
      <GalleryItemId xsi:nil="true"></GalleryItemId>
      <BackgroundColor>RGBA(251,101,60,255)</BackgroundColor>
      <DisplayName>Navigation</DisplayName>
      <Description xsi:nil="true"></Description>
      <CommitMessage xsi:nil="true"></CommitMessage>
      <Publisher xsi:nil="true"></Publisher>
      <AuthorizationReferences>[]</AuthorizationReferences>
      <ConnectionReferences>{}</ConnectionReferences>
      <DatabaseReferences>{}</DatabaseReferences>
      <AppComponents>[{"appComponentName":"078f13bbe88245bb86517ede53a2a635","displayName":"navigation_component","appName":"6bb7d21d-149c-48ab-ae40-3bb459b574e9","appVersion":"2022-10-29T13:57:41Z","appComponentLibraryLogicalName":"cr2b5_navigation_8cd79","appDisplayName":"Navigation","environmentName":"default-e4b834d1-4ab9-4e19-8088-2ca100ef15d2","owner":{"id":"9809e69c-5adb-4baa-8f56-a97aef5e297b","displayName":"Baratam Vidyadhar","email":"BaratamVidyadhar@Avinz.onmicrosoft.com","type":"User","tenantId":"e4b834d1-4ab9-4e19-8088-2ca100ef15d2","userPrincipalName":"BaratamVidyadhar@Avinz.onmicrosoft.com"},"allowCustomization":true,"createdOn":"2022-10-29T11:01:29.422Z","lastModifiedOn":"2022-10-29T13:56:21.353Z","connectionReferences":{},"databaseReferences":{}}]</AppComponents>
      <AppComponentDependencies>[]</AppComponentDependencies>
      <CanConsumeAppPass>1</CanConsumeAppPass>
      <CanvasAppType>1</CanvasAppType>
      <BypassConsent>0</BypassConsent>
      <AdminControlBypassConsent>0</AdminControlBypassConsent>
      <EmbeddedApp xsi:nil="true"></EmbeddedApp>
      <IntroducedVersion>1.0</IntroducedVersion>
      <CdsDependencies>{"cdsdependencies":[]}</CdsDependencies>
      <IsCustomizable>1</IsCustomizable>
      <BackgroundImageUri>/CanvasApps/cr2b5_navigation_8cd79_BackgroundImageUri</BackgroundImageUri>
      <DocumentUri>/CanvasApps/cr2b5_navigation_8cd79_DocumentUri.msapp</DocumentUri>
    </CanvasApp>
  </CanvasApps>
  <Languages>
    <Language>1033</Language>
  </Languages>
</ImportExportXml>